[{"pk": "Biomedical Sciences", "model": "questions.topic", "fields": {}}, {"pk": "Clinical Dental Sciences", "model": "questions.topic", "fields": {}}, {"pk": "Clinical Medical Sciences", "model": "questions.topic", "fields": {}}, {"pk": "Patient Management & Health Promotion", "model": "questions.topic", "fields": {}}, {"pk": 10, "model": "questions.subtopic", "fields": {"topic": "Clinical Dental Sciences", "name": "Oral Surgery"}}, {"pk": 11, "model": "questions.subtopic", "fields": {"topic": "Clinical Dental Sciences", "name": "Paediatrics"}}, {"pk": 12, "model": "questions.subtopic", "fields": {"topic": "Clinical Dental Sciences", "name": "Sedation"}}, {"pk": 14, "model": "questions.subtopic", "fields": {"topic": "Clinical Dental Sciences", "name": "Extra-coronal Restorations"}}, {"pk": 15, "model": "questions.subtopic", "fields": {"topic": "Clinical Dental Sciences", "name": "Bridgework"}}, {"pk": 16, "model": "questions.subtopic", "fields": {"topic": "Clinical Dental Sciences", "name": "Radiology"}}, {"pk": 17, "model": "questions.subtopic", "fields": {"topic": "Clinical Dental Sciences", "name": "Endodontics"}}, {"pk": 18, "model": "questions.subtopic", "fields": {"topic": "Clinical Dental Sciences", "name": "Endodontic: Root morphology"}}, {"pk": 19, "model": "questions.subtopic", "fields": {"topic": "Clinical Dental Sciences", "name": "Oral Surgery: Extraction Complications"}}, {"pk": 20, "model": "questions.subtopic", "fields": {"topic": "Clinical Dental Sciences", "name": "Restorative: Conventional Bridges"}}, {"pk": 21, "model": "questions.question", "fields": {"answer": "Elimination of micro-organisms and toxins from the root canal system in order to create an environment which promotes healing of the periradicular tissues so that the tooth may be retained as a functional member of the dentition.", "question": "What is the purpose of root canal treatment?", "subtopic": 17}}, {"pk": 22, "model": "questions.question", "fields": {"answer": "Caries. Trauma. Severe periodontal disease. Cracks/fractures.", "question": "Give 4 examples of things which may lead to periradicular disease.", "subtopic": 17}}, {"pk": 23, "model": "questions.question", "fields": {"answer": "Enterococcus Faecalis", "question": "Give an example of a prominent faculative anaerobe responsible for pulpal necrosis.", "subtopic": 17}}, {"pk": 24, "model": "questions.question", "fields": {"answer": "Shaping, irrigation & 3D obturation.", "question": "State 3 things key to endodontic success.", "subtopic": 17}}, {"pk": 25, "model": "questions.question", "fields": {"answer": "Long cone paralleling periapical.", "question": "Which type of radiograph should be taken pre-operatively?", "subtopic": 17}}, {"pk": 26, "model": "questions.question", "fields": {"answer": "Minimal apical curvature. 23mm.", "question": "Describe the general root morphology of an upper central incisor. What is their average length?", "subtopic": 18}}, {"pk": 27, "model": "questions.question", "fields": {"answer": "1 canal inclined palatally with distal apical curvature. 21-22mm.", "question": "Describe the general root morphology of an upper lateral incisor. what is their average length?", "subtopic": 18}}, {"pk": 28, "model": "questions.question", "fields": {"answer": "26.5mm. Distal and labial curvature, narrow apex.", "question": "What is the average length of a maxillary canine? Describe its' apex.", "subtopic": 18}}, {"pk": 29, "model": "questions.question", "fields": {"answer": "41%. 21mm.", "question": "What percentage of lower incisors have 2 canals? What is the average length of lower incisors?", "subtopic": 18}}, {"pk": 30, "model": "questions.question", "fields": {"answer": "14%.  22.5mm.", "question": "What percentage of mandibular canines have 2 canals? What is the average length of a mandibular canine?", "subtopic": 18}}, {"pk": 31, "model": "questions.question", "fields": {"answer": "4.", "question": "How many root canals are usually present in an upper molar?", "subtopic": 18}}, {"pk": 32, "model": "questions.question", "fields": {"answer": "a bifurcation of the root canal.", "question": "What could be present clinically, if radiographically the root canal moves from clear to faded?", "subtopic": 18}}, {"pk": 33, "model": "questions.question", "fields": {"answer": "Endodontic explorer (DG 16 probe). Removing calcified deposits and pulp stones.", "question": "Which probe is used to locate and explore root canals? Other than locating canals, what are the functions that the DG 16 probe performs? (2)", "subtopic": 18}}, {"pk": 34, "model": "questions.question", "fields": {"answer": "(a) Triangular (b) Ovoid.", "question": "What shape should the access cavity be in; (a) Incisors (b) Canines?", "subtopic": 18}}, {"pk": 35, "model": "questions.question", "fields": {"answer": "Gross caries, advanced periodontal disease, trauma resulting in pulpal necrosis, periapical infections.", "question": "Give 4 indications that a tooth may require extraction.", "subtopic": 10}}, {"pk": 36, "model": "questions.question", "fields": {"answer": "Lower forceps have a 90 degree bend in them.", "question": "How do you differentiate between upper and lower forceps?", "subtopic": 10}}, {"pk": 37, "model": "questions.question", "fields": {"answer": "Upper premolar forceps are curved, anterior forceps are straight.", "question": "How would you differentiate between upper straight forceps and upper universal forceps?", "subtopic": 10}}, {"pk": 38, "model": "questions.question", "fields": {"answer": "The have a \"beak\" on one side of the forcep to engage furcations.", "question": "What is unique about upper molar forceps? ", "subtopic": 10}}, {"pk": 39, "model": "questions.question", "fields": {"answer": "The furcation between the mesiobuccal and distobuccal roots.", "question": "Which furcation is engaged by the \"beak\" on upper molar forceps?", "subtopic": 10}}, {"pk": 40, "model": "questions.question", "fields": {"answer": "The points of the forceps engage the furcation region, lift the tooth and therefore increase mobility of the tooth.", "question": "What is the purpose of \"cowhorn\" forceps?", "subtopic": 10}}, {"pk": 41, "model": "questions.question", "fields": {"answer": "all single rooted lower teeth. (incisors, canines, premolars.)", "question": "Which teeth are lower \"universal\" forceps used on?", "subtopic": 10}}, {"pk": 42, "model": "questions.question", "fields": {"answer": "Couplands, cryers and warwick james.", "question": "Name 3 types of elevators.", "subtopic": 10}}, {"pk": 43, "model": "questions.question", "fields": {"answer": "Wedging between alveolar bone and tooth to increase mobility.\r\nthey can be used to lift retained roots/root fragments from their sockets.", "question": "What are couplands elevators used for?", "subtopic": 10}}, {"pk": 44, "model": "questions.question", "fields": {"answer": "Hypercementosis.\r\nAnkylosis.\r\nAbnormal root no.\r\nAbnormal root morphology.\r\nThick cortical bone.", "question": "Give 4 possible cause of increased resistance in a tooth being extracted.", "subtopic": 19}}, {"pk": 45, "model": "questions.question", "fields": {"answer": "You may hear a large \"crunching\" sound on fracture.\r\nMobility of the alveolus/teeth in the tuberosity area.\r\nTear in the palatal mucosa.", "question": "How would a fractured maxillary tuberosity present?", "subtopic": 19}}, {"pk": 46, "model": "questions.question", "fields": {"answer": "A Prosthetic appliance permanently attached to teeth, which replaces one or more missing teeth.", "question": "Define a \"bridge.", "subtopic": 20}}, {"pk": 47, "model": "questions.question", "fields": {"answer": "Soft tissue/gingivae & alveolar bone.\r\nA denture.", "question": "Which areas of dental hard/soft tissue do bridges fail to reproduce? (2) \r\nWhat is the only dental prosthesis capable of reproducing these areas?", "subtopic": 20}}, {"pk": 48, "model": "questions.question", "fields": {"answer": "Aesthetics, function, speech and maintenance of dental health.", "question": "State 4 reasons why a clinician may choose to address tooth loss.", "subtopic": 20}}, {"pk": 49, "model": "questions.question", "fields": {"answer": "Partial denture, orthodontic space closure or an implant retained/supported prosthesis.", "question": "Other than a bridge, state 3 potential treatment options for the restoration of an edentulous space.\r\n", "subtopic": 20}}, {"pk": 50, "model": "questions.question", "fields": {"answer": "General - function/stability, appearance & speech.\r\nLocal - large teeth, heavily restored teeth & a favourable occlusion.", "question": "State 3 General and 3 Local indications for placing bridgework.", "subtopic": 20}}, {"pk": 51, "model": "questions.question", "fields": {"answer": "General - poor oral hygiene, periodontal disease, teeth with large pulps.\r\nLocal - length of span is too great, insufficent root surface area for support, insufficient remaining tooth tissue.", "question": "State 3 General and 3 Local contraindications for placing bridgework.", "subtopic": 20}}, {"pk": 52, "model": "questions.question", "fields": {"answer": "Bridges increase the load on abutment teeth, therefore, abutment teeth must be healthy and free from disease in order to support the bridge. A tooth with reduced periodontal support would provide compromised and insufficient support for a bridge.", "question": "Why is the presence of periodontal disease considered a contraindication of bridgework?", "subtopic": 20}}, {"pk": 53, "model": "questions.question", "fields": {"answer": "(a) A tooth which serves as an attachment for a bridge.\r\n(b) An artificial tooth which is suspended from an abutment.", "question": "Define the following terms; (a) abutment. (b) pontic.", "subtopic": 20}}, {"pk": 54, "model": "questions.question", "fields": {"answer": "Extra or intracoronal restorations which are connected to the pontic and cemented to the abutment tooth.", "question": "What are \"retainers\", with regards to bridge design?", "subtopic": 20}}, {"pk": 55, "model": "questions.question", "fields": {"answer": "The \"saddle\".", "question": "What is the name given to he edentulous area over which the pontic will lie? ", "subtopic": 20}}, {"pk": 56, "model": "questions.question", "fields": {"answer": "Either a retainer or a pontic. For example, an adhesive cantilever bridge which has a retainer on tooth 13 and is restoring the saddle area of 12 could be described as a 2 unit bridge.", "question": "What is a bridge \"unit\"?", "subtopic": 20}}, {"pk": 57, "model": "questions.question", "fields": {"answer": "3 units.", "question": "How many units are present in a bridge with 2 retainers and 1 pontic?", "subtopic": 20}}, {"pk": 58, "model": "questions.question", "fields": {"answer": "An abutment tooth which stands between and is supporting 2 pontics, each pontic is attached to another retainer.", "question": "What is a \"pier\" in bridge design?", "subtopic": 20}}, {"pk": 59, "model": "questions.question", "fields": {"answer": "A bridge which has a rigid retainer at each end of the pontic.", "question": "Describe a fixed-fixed bridge.", "subtopic": 20}}, {"pk": 60, "model": "questions.question", "fields": {"answer": "A fixed moveable has one rigid connector and one moveable connector. Typically the moveable portion of the bridge will be present in the mesial portion of the restoration and the rigid will be distal.", "question": "What is the difference between a fixed-fixed and fixed-moveable bridge?", "subtopic": 20}}, {"pk": 61, "model": "questions.question", "fields": {"answer": "A bridge with only one retainer. Distal.", "question": "What is a cantilever bridge? Typically, which side is the retainer preferably positioned?", "subtopic": 20}}, {"pk": 62, "model": "questions.question", "fields": {"answer": "A \"Hybrid Bridge\".", "question": "Which style of bridge uses one conventionally prepared abutment and one resin retainer preparation?", "subtopic": 20}}, {"pk": 63, "model": "questions.question", "fields": {"answer": "One pontic is attached to a metal arm which runs along the palate to connect to a retainer on a posterior tooth.", "question": "Describe the historic \"Spring Cantilever\".", "subtopic": 20}}, {"pk": 64, "model": "questions.question", "fields": {"answer": "Advantages - max. strength/support, useful in long spans, simpler lab construction.\r\nDisadvantages - Difficult preparations, destructive of tooth tissue, abutments require a common path of insertion.", "question": "Give 3 advantages and disadvantages to a fixed-fixed bridge.", "subtopic": 20}}, {"pk": 65, "model": "questions.question", "fields": {"answer": "Advantages - preparations don't require a common path of insertion, preparations are independently retentive, preparations can be more conservative.\r\nDisadvantages - length of span is limited, complex lab work, difficult to provisionalise.", "question": "Give 3 advantages and  disadvantages of a fixed-moveable bridge.", "subtopic": 20}}, {"pk": 66, "model": "questions.question", "fields": {"answer": "Advantages - conservative design, no need for a parallel.\r\nDisadvantages - short span only, very rigid.", "question": "State 2 advantages & disadvantages of cantilever bridges.", "subtopic": 20}}, {"pk": 67, "model": "questions.question", "fields": {"answer": "Advantage - useful if adjacent teeth are unrestored.\r\nDisadvantage - difficult to clean beneath palatal connector.", "question": "Give 1 advantage and disadvantage of spring cantilever.", "subtopic": 20}}, {"pk": 68, "model": "questions.question", "fields": {"answer": "Abutments must be able to withstand forces previously directed to missing teeth.\r\nAbutments must be free of any disease.", "question": "State 2 requirements of abutment teeth with regards to supporting pontics.", "subtopic": 20}}, {"pk": 69, "model": "questions.question", "fields": {"answer": "(a) 2:3 (b) 1:1.", "question": "What is the; (a)optimum (b) minimum crown:root ratio for abutment teeth?", "subtopic": 20}}]